"id","type","model","model_id","site_id","content_id","content_filter_id","lft","rght","title","detail","url","status","priority","publish_begin","publish_end","created","modified"
"1","ページ","Page","1","0","2","","2","3","index","","/index","1","0.5","","","2021-12-11 00:00:00","2021-12-11 00:00:00"
"2","ブログ","BlogContent","1","0","3","","4","5","photos","","/photos/","1","0.5","","","2021-12-11 00:00:00","2021-12-11 00:00:00"
"3","ブログ","BlogPost","1","0","3","","4","5","photo 001","ここにテキストが入ります。ここにテキストが入ります。ここにテキストが入ります。","/photos/archives/1","1","0.5","","","2021-12-11 00:00:00","2021-12-11 00:00:00"
"4","ブログ","BlogPost","2","0","3","","4","5","photo 002","ここにテキストが入ります。ここにテキストが入ります。ここにテキストが入ります。","/photos/archives/2","1","0.5","","","2021-12-11 00:00:00","2021-12-11 00:00:00"
"5","ブログ","BlogPost","3","0","3","","4","5","photo 003","ここにテキストが入ります。ここにテキストが入ります。ここにテキストが入ります。","/photos/archives/3","1","0.5","","","2021-12-11 00:00:00","2021-12-11 00:00:00"
"6","ブログ","BlogPost","4","0","3","","4","5","photo 004","ここにテキストが入ります。ここにテキストが入ります。ここにテキストが入ります。","/photos/archives/4","1","0.5","","","2021-12-11 00:00:00","2021-12-11 00:00:00"
"7","ブログ","BlogPost","5","0","3","","4","5","photo 005","ここにテキストが入ります。ここにテキストが入ります。ここにテキストが入ります。","/photos/archives/5","1","0.5","","","2021-12-11 00:00:00","2021-12-11 00:00:00"
"8","ブログ","BlogPost","6","0","3","","4","5","photo 006","ここにテキストが入ります。ここにテキストが入ります。ここにテキストが入ります。","/photos/archives/6","1","0.5","","","2021-12-11 00:00:00","2021-12-11 00:00:00"
"9","ブログ","BlogPost","7","0","3","","4","5","photo 007","ここにテキストが入ります。ここにテキストが入ります。ここにテキストが入ります。","/photos/archives/7","1","0.5","","","2021-12-11 00:00:00","2021-12-11 00:00:00"
"10","ブログ","BlogPost","8","0","3","","4","5","photo 008","ここにテキストが入ります。ここにテキストが入ります。ここにテキストが入ります。","/photos/archives/8","1","0.5","","","2021-12-11 00:00:00","2021-12-11 00:00:00"
"11","ブログ","BlogPost","9","0","3","","4","5","photo 009","ここにテキストが入ります。ここにテキストが入ります。ここにテキストが入ります。","/photos/archives/9","1","0.5","","","2021-12-11 00:00:00","2021-12-11 00:00:00"
"12","ブログ","BlogPost","10","0","3","","4","5","photo 010","ここにテキストが入ります。ここにテキストが入ります。ここにテキストが入ります。","/photos/archives/10","1","0.5","","","2021-12-11 00:00:00","2021-12-11 00:00:00"
"13","ブログ","BlogPost","11","0","3","","4","5","photo 011","ここにテキストが入ります。ここにテキストが入ります。ここにテキストが入ります。","/photos/archives/11","1","0.5","","","2021-12-11 00:00:00","2021-12-11 00:00:00"
"14","ブログ","BlogPost","12","0","3","","4","5","photo 012","ここにテキストが入ります。ここにテキストが入ります。ここにテキストが入ります。","/photos/archives/12","1","0.5","","","2021-12-11 00:00:00","2021-12-11 00:00:00"
"15","ブログ","BlogPost","13","0","3","","4","5","photo 013","ここにテキストが入ります。ここにテキストが入ります。ここにテキストが入ります。","/photos/archives/13","1","0.5","","","2021-12-11 00:00:00","2021-12-11 00:00:00"
"16","ブログ","BlogPost","14","0","3","","4","5","photo 014","ここにテキストが入ります。ここにテキストが入ります。ここにテキストが入ります。","/photos/archives/14","1","0.5","","","2021-12-11 00:00:00","2021-12-11 00:00:00"
"17","ブログ","BlogPost","15","0","3","","4","5","photo 015","ここにテキストが入ります。ここにテキストが入ります。ここにテキストが入ります。","/photos/archives/15","1","0.5","","","2021-12-11 00:00:00","2021-12-11 00:00:00"
"18","ブログ","BlogPost","16","0","3","","4","5","photo 016","ここにテキストが入ります。ここにテキストが入ります。ここにテキストが入ります。","/photos/archives/16","1","0.5","","","2021-12-11 00:00:00","2021-12-11 00:00:00"
"19","ブログ","BlogPost","17","0","3","","4","5","photo 017","ここにテキストが入ります。ここにテキストが入ります。ここにテキストが入ります。","/photos/archives/17","1","0.5","","","2021-12-11 00:00:00","2021-12-11 00:00:00"
"20","ブログ","BlogPost","18","0","3","","4","5","photo 018","ここにテキストが入ります。ここにテキストが入ります。ここにテキストが入ります。","/photos/archives/18","1","0.5","","","2021-12-11 00:00:00","2021-12-11 00:00:00"
"21","メール","MailContent","1","0","4","","6","7","Get in touch","","/contact/","1","0.5","","","2021-12-11 00:00:00","2021-12-11 00:00:00"
